business_name,website,phone,address,city,industry,outreach_status,notes,domain,email_guesses,linkedin_search_url,source
Digital Marketing Agency - All-In-One Marketing Agency,https://duckduckgo.com/y.js?ad_domain=bloombrandlabs.com&ad_provider=bingv7aa&ad_type=txad&click_metadata=X%2DL7KLoKu0MsGcfR6y687KplFFLK96T4JL0%2DlyNHMvC%2DQ3wsKx3Egqo2vkGVg0kD6ENzX68Borqp3A4v6U14sQeA6kLyoMeYkPmmngAhdydpVLGfZXatxzf4DqpdH975jBuVk0fg_my8CWxVLR9sloUYAT5NxdoPIkV4dCr0uXU.5eP6cLjI2flQlPbrSZ%2D8Gw&rut=93b3c8f19ecbfde7bdaf3996618c5f77049e4f39ee62be4122555c0b6c1af07e&u3=https%3A%2F%2Fwww.bing.com%2Faclick%3Fld%3De8VDcf_1tTwzZNR7SZS1YHUDVUCUxSMJf%2DfHb0MwYEobmcIEmea7dLmlT2XxjEN0GhYRv%2Dqyl4%2DiqA%2DWR4u_z9ew8Ad7UCWYOaGPFE3Mpc2%2D9JlX5cJSm6d2arYPdPmnIiFXy8qOqHWFzLrPPO5RyGC2BZeim9xMHavpPMdmoUaG0LAw2jJt4Ly9BzD2OHrRsGTul0RGzZFzq_WKwE%2Dzqo%2DZOX9gg%26u%3DaHR0cHMlM2ElMmYlMmZibG9vbWJyYW5kbGFicy5jb20lM2Ztc2Nsa2lkJTNkNTJmMTk0Mjk5ZGM0MWY2MmViMDFmZDllYWRjZDVmNDY%26rlid%3D52f194299dc41f62eb01fd9eadcd5f46&vqd=4-276475977783090927764928715586085089533&iurl=%7B1%7DIG%3DA2DE0A331EB646ACBDB5065DC4CCFFFF%26CID%3D152A8A3551D16B4E00419D28505A6A54%26ID%3DDevEx%2C5046.1,,,Hyderabad,,not_contacted,Increase revenue with ROI focuseddigitaladvertising andmarketingsolutions. Get qualified leads using high- performancedigitalads andmarketingcampaigns.,duckduckgo.com,info@duckduckgo.com | contact@duckduckgo.com | hello@duckduckgo.com | enquiry@duckduckgo.com | enquiries@duckduckgo.com | sales@duckduckgo.com | support@duckduckgo.com | admin@duckduckgo.com | business@duckduckgo.com | team@duckduckgo.com | office@duckduckgo.com | mail@duckduckgo.com | connect@duckduckgo.com | hi@duckduckgo.com | digital@duckduckgo.com | digitalmarketingagency@duckduckgo.com | dmaa@duckduckgo.com,https://www.linkedin.com/search/results/companies/?keywords=Digital+Marketing+Agency+-+All-In-One+Marketing+Agency+Hyderabad,DuckDuckGo
Top 10 Digital Marketing Agencies in Hyderabad | Sorav Jain,https://soravjain.com/digital-marketing-agencies-hyderabad/,,Looking fordigitalmarketingagenciesinHyderabad? Here is the list of the top 10digitalmarketingage,Hyderabad,,not_contacted,Looking fordigitalmarketingagenciesinHyderabad? Here is the list of the top 10digitalmarketingagenciesinHyderabadincluding the contact details of the respectiveagencies.,soravjain.com,info@soravjain.com | contact@soravjain.com | hello@soravjain.com | enquiry@soravjain.com | enquiries@soravjain.com | sales@soravjain.com | support@soravjain.com | admin@soravjain.com | business@soravjain.com | team@soravjain.com | office@soravjain.com | mail@soravjain.com | connect@soravjain.com | hi@soravjain.com | top@soravjain.com | topdigitalmarketing@soravjain.com | tdma@soravjain.com,https://www.linkedin.com/search/results/companies/?keywords=Top+10+Digital+Marketing+Agencies+in+Hyderabad+%7C+Sorav+Jain+Hyderabad,DuckDuckGo
Top 21 Digital Marketing Agencies in Hyderabad - 2026 - IIDE,https://iide.co/blog/digital-marketing-agencies-in-hyderabad/,,"DigitalmarketingagenciesinHyderabad, like Purple Syntax, Emblix Solutions, and What's",Hyderabad,,not_contacted,"DigitalmarketingagenciesinHyderabad, like Purple Syntax, Emblix Solutions, and What's in a Name, provide SEO, social media, and contentmarketingservices tailored to client needs. Theseagencieshelp bus",iide.co,info@iide.co | contact@iide.co | hello@iide.co | enquiry@iide.co | enquiries@iide.co | sales@iide.co | support@iide.co | admin@iide.co | business@iide.co | team@iide.co | office@iide.co | mail@iide.co | connect@iide.co | hi@iide.co | top@iide.co | topdigitalmarketing@iide.co | tdma@iide.co,https://www.linkedin.com/search/results/companies/?keywords=Top+21+Digital+Marketing+Agencies+in+Hyderabad+-+2026+-+IIDE+Hyderabad,DuckDuckGo
Top Digital Marketing Companies in Hyderabad - DesignRush,https://www.designrush.com/agency/digital-marketing/in/hyderabad,,t-performingdigitalmarketingcompanies inHyderabadto successfully promote your brand online on variou,Hyderabad,,not_contacted,"Count on these best-performingdigitalmarketingcompanies inHyderabadto successfully promote your brand online on various channels. Compare their past projects, hourly rates, team expertise, customer re",designrush.com,info@designrush.com | contact@designrush.com | hello@designrush.com | enquiry@designrush.com | enquiries@designrush.com | sales@designrush.com | support@designrush.com | admin@designrush.com | business@designrush.com | team@designrush.com | office@designrush.com | mail@designrush.com | connect@designrush.com | hi@designrush.com | top@designrush.com | topdigitalmarketing@designrush.com | tdmc@designrush.com,https://www.linkedin.com/search/results/companies/?keywords=Top+Digital+Marketing+Companies+in+Hyderabad+-+DesignRush+Hyderabad,DuckDuckGo
22 Digital Marketing Agencies in Hyderabad 2026,https://noirandblanco.com/digital-marketing-agencies-in-hyderabad/,,"g for the BestDigitalMarketingAgenciesinHyderabad? Explore the top 22agenciesknown for SEO, social m",Hyderabad,,not_contacted,"Looking for the BestDigitalMarketingAgenciesinHyderabad? Explore the top 22agenciesknown for SEO, social mediamarketing, and performance-driven results.",noirandblanco.com,info@noirandblanco.com | contact@noirandblanco.com | hello@noirandblanco.com | enquiry@noirandblanco.com | enquiries@noirandblanco.com | sales@noirandblanco.com | support@noirandblanco.com | admin@noirandblanco.com | business@noirandblanco.com | team@noirandblanco.com | office@noirandblanco.com | mail@noirandblanco.com | connect@noirandblanco.com | hi@noirandblanco.com | digital@noirandblanco.com | digitalmarketingagencies@noirandblanco.com | dmai@noirandblanco.com,https://www.linkedin.com/search/results/companies/?keywords=22+Digital+Marketing+Agencies+in+Hyderabad+2026+Hyderabad,DuckDuckGo
Top Digital Marketing Agencies in Hyderabad - Clutch.co,https://clutch.co/in/agencies/digital-marketing/hyderabad,,"TopDigitalMarketingcompanies inHyderabad: ShootOrder, The Go-To Guy!, Fist of Success Priva",Hyderabad,,not_contacted,"TopDigitalMarketingcompanies inHyderabad: ShootOrder, The Go-To Guy!, Fist of Success Private Limited, Brandingnuts, LAD Solutions, DIGITALOPS, Enozi -DigitalMarketingAgency, Adweta -DigitalMarketingC",clutch.co,info@clutch.co | contact@clutch.co | hello@clutch.co | enquiry@clutch.co | enquiries@clutch.co | sales@clutch.co | support@clutch.co | admin@clutch.co | business@clutch.co | team@clutch.co | office@clutch.co | mail@clutch.co | connect@clutch.co | hi@clutch.co | top@clutch.co | topdigitalmarketing@clutch.co | tdma@clutch.co,https://www.linkedin.com/search/results/companies/?keywords=Top+Digital+Marketing+Agencies+in+Hyderabad+-+Clutch.co+Hyderabad,DuckDuckGo
Top 10 Digital Marketing Agencies in Hyderabad - ozrit.com,https://ozrit.com/top-10-digital-marketing-agencies-in-hyderabad/,,ver the Top 10DigitalMarketingAgenciesinHyderabad. Compare services and expertise to fuel your onlin,Hyderabad,,not_contacted,Discover the Top 10DigitalMarketingAgenciesinHyderabad. Compare services and expertise to fuel your online growth.,ozrit.com,info@ozrit.com | contact@ozrit.com | hello@ozrit.com | enquiry@ozrit.com | enquiries@ozrit.com | sales@ozrit.com | support@ozrit.com | admin@ozrit.com | business@ozrit.com | team@ozrit.com | office@ozrit.com | mail@ozrit.com | connect@ozrit.com | hi@ozrit.com | top@ozrit.com | topdigitalmarketing@ozrit.com | tdma@ozrit.com,https://www.linkedin.com/search/results/companies/?keywords=Top+10+Digital+Marketing+Agencies+in+Hyderabad+-+ozrit.com+Hyderabad,DuckDuckGo
Top 7 Digital Marketing Agencies in Hyderabad - LinkedIn,https://www.linkedin.com/pulse/top-7-digital-marketing-agencies-hyderabad-dhiraj-merani-e94kc/,,"for a reliabledigitalmarketingagency inHyderabad, you're in good company. The city is home toagenci",Hyderabad,,not_contacted,"If you're looking for a reliabledigitalmarketingagency inHyderabad, you're in good company. The city is home toagenciesthat blend creativity, data, and tech to help brands grow—from fast ...",linkedin.com,info@linkedin.com | contact@linkedin.com | hello@linkedin.com | enquiry@linkedin.com | enquiries@linkedin.com | sales@linkedin.com | support@linkedin.com | admin@linkedin.com | business@linkedin.com | team@linkedin.com | office@linkedin.com | mail@linkedin.com | connect@linkedin.com | hi@linkedin.com | top@linkedin.com | topdigitalmarketing@linkedin.com | tdma@linkedin.com,https://www.linkedin.com/search/results/companies/?keywords=Top+7+Digital+Marketing+Agencies+in+Hyderabad+-+LinkedIn+Hyderabad,DuckDuckGo
Digital Marketing Agencies in Hyderabad - OXYGEN,https://oxygenites.com/digital-marketing-agencies-hyderabad/,,"er the top tendigitalmarketingagenciesinHyderabad, starting with Oxygenites.com and ExtranetDigital,",Hyderabad,,not_contacted,"Discover the top tendigitalmarketingagenciesinHyderabad, starting with Oxygenites.com and ExtranetDigital, Techdr. Explore expert services, including SEO, social mediamarketing, and PPC, that help bus",oxygenites.com,info@oxygenites.com | contact@oxygenites.com | hello@oxygenites.com | enquiry@oxygenites.com | enquiries@oxygenites.com | sales@oxygenites.com | support@oxygenites.com | admin@oxygenites.com | business@oxygenites.com | team@oxygenites.com | office@oxygenites.com | mail@oxygenites.com | connect@oxygenites.com | hi@oxygenites.com | digital@oxygenites.com | digitalmarketingagencies@oxygenites.com | dmai@oxygenites.com,https://www.linkedin.com/search/results/companies/?keywords=Digital+Marketing+Agencies+in+Hyderabad+-+OXYGEN+Hyderabad,DuckDuckGo
Best Digital Marketing Agencies in Hyderabad (2026) | Qoruz,https://qoruz.com/agencies/top-digital-marketing-agencies-hyderabad,,Top 25DigitalMarketingCompanies inHyderabad(2025) Are you looking for the bestDigitalMarketing,Hyderabad,,not_contacted,Top 25DigitalMarketingCompanies inHyderabad(2025) Are you looking for the bestDigitalMarketingAgenciesinHyderabad? Explore the Top 25DigitalMarketingAgenciesinHyderabad(2025). Find the most proficient,qoruz.com,info@qoruz.com | contact@qoruz.com | hello@qoruz.com | enquiry@qoruz.com | enquiries@qoruz.com | sales@qoruz.com | support@qoruz.com | admin@qoruz.com | business@qoruz.com | team@qoruz.com | office@qoruz.com | mail@qoruz.com | connect@qoruz.com | hi@qoruz.com | best@qoruz.com | bestdigitalmarketing@qoruz.com | bdma@qoruz.com,https://www.linkedin.com/search/results/companies/?keywords=Best+Digital+Marketing+Agencies+in+Hyderabad+%282026%29+%7C+Qoruz+Hyderabad,DuckDuckGo
Top 10+ Digital Marketing Agencies in Hyderabad 2026,https://www.goodfirms.co/directory/city/top-digital-marketing-companies/hyderabad,,ect with topdigitalmarketingcompanies inHyderabadon Goodfirms. HireHyderabad'sbestdigitalmarketingag,Hyderabad,,not_contacted,"Connect with topdigitalmarketingcompanies inHyderabadon Goodfirms. HireHyderabad'sbestdigitalmarketingagency based on verified reviews, hourly rates & portfolios. Choose the best agency today!",goodfirms.co,info@goodfirms.co | contact@goodfirms.co | hello@goodfirms.co | enquiry@goodfirms.co | enquiries@goodfirms.co | sales@goodfirms.co | support@goodfirms.co | admin@goodfirms.co | business@goodfirms.co | team@goodfirms.co | office@goodfirms.co | mail@goodfirms.co | connect@goodfirms.co | hi@goodfirms.co | top@goodfirms.co | topdigitalmarketing@goodfirms.co | tdma@goodfirms.co,https://www.linkedin.com/search/results/companies/?keywords=Top+10%2B+Digital+Marketing+Agencies+in+Hyderabad+2026+Hyderabad,DuckDuckGo
Top 100 IT Services Companies in Hyderabad - The Manifest,https://themanifest.com/in/it-services/companies/hyderabad,,Discover the best IT services company inHyderabad. Browse our rankings to partner with award-winning,Hyderabad,,not_contacted,Discover the best IT services company inHyderabad. Browse our rankings to partner with award-winning experts that will bring your vision to life.,themanifest.com,info@themanifest.com | contact@themanifest.com | hello@themanifest.com | enquiry@themanifest.com | enquiries@themanifest.com | sales@themanifest.com | support@themanifest.com | admin@themanifest.com | business@themanifest.com | team@themanifest.com | office@themanifest.com | mail@themanifest.com | connect@themanifest.com | hi@themanifest.com | top@themanifest.com | topitcompanies@themanifest.com | tici@themanifest.com,https://www.linkedin.com/search/results/companies/?keywords=Top+100+IT+Services+Companies+in+Hyderabad+-+The+Manifest+Hyderabad,DuckDuckGo
29 Software Companies in Hyderabad to Know,https://builtin.com/articles/software-companies-in-hyderabad,,"software engineers, many of whom work inHyderabad. Since the early 2000s, the city has quickly risen",Hyderabad,,not_contacted,"India is home to over six million software engineers, many of whom work inHyderabad. Since the early 2000s, the city has quickly risen to become one of the top destinations for software developers and",builtin.com,info@builtin.com | contact@builtin.com | hello@builtin.com | enquiry@builtin.com | enquiries@builtin.com | sales@builtin.com | support@builtin.com | admin@builtin.com | business@builtin.com | team@builtin.com | office@builtin.com | mail@builtin.com | connect@builtin.com | hi@builtin.com | software@builtin.com | softwarecompaniesin@builtin.com | scit@builtin.com,https://www.linkedin.com/search/results/companies/?keywords=29+Software+Companies+in+Hyderabad+to+Know+Hyderabad,DuckDuckGo
Top 20+ IT Companies in Hyderabad (2026) - TechBehemoths,https://techbehemoths.com/companies/hyderabad,,"Discover top ITCompaniesinHyderabadspecialized in web development, software developmen",Hyderabad,,not_contacted,"Discover top ITCompaniesinHyderabadspecialized in web development, software development, web design, UI/UX design, digital marketing, branding and more.",techbehemoths.com,info@techbehemoths.com | contact@techbehemoths.com | hello@techbehemoths.com | enquiry@techbehemoths.com | enquiries@techbehemoths.com | sales@techbehemoths.com | support@techbehemoths.com | admin@techbehemoths.com | business@techbehemoths.com | team@techbehemoths.com | office@techbehemoths.com | mail@techbehemoths.com | connect@techbehemoths.com | hi@techbehemoths.com | top@techbehemoths.com | topitcompanies@techbehemoths.com | tici@techbehemoths.com,https://www.linkedin.com/search/results/companies/?keywords=Top+20%2B+IT+Companies+in+Hyderabad+%282026%29+-+TechBehemoths+Hyderabad,DuckDuckGo
Top 20 IT & Software Companies in Hyderabad: 2026 List,https://www.registerkaro.in/post/top-it-software-companies-in-hyderabad,,Explore the top 20 ITcompaniesinHyderabad. Find the best IT and softwarecompaniesinHyderabad,Hyderabad,,not_contacted,Explore the top 20 ITcompaniesinHyderabad. Find the best IT and softwarecompaniesinHyderabadfor freshers offering career growth & learning scope.,registerkaro.in,info@registerkaro.in | contact@registerkaro.in | hello@registerkaro.in | enquiry@registerkaro.in | enquiries@registerkaro.in | sales@registerkaro.in | support@registerkaro.in | admin@registerkaro.in | business@registerkaro.in | team@registerkaro.in | office@registerkaro.in | mail@registerkaro.in | connect@registerkaro.in | hi@registerkaro.in | top@registerkaro.in | topitsoftware@registerkaro.in | tisc@registerkaro.in,https://www.linkedin.com/search/results/companies/?keywords=Top+20+IT+%26+Software+Companies+in+Hyderabad%3A+2026+List+Hyderabad,DuckDuckGo
Top 10 IT Companies in Hyderabad (Updated 2024) - GeeksforGeeks,https://www.geeksforgeeks.org/blogs/top-it-companies-hyderabad/,,Hyderabadis a city ranked 4th based on the population in Ind,Hyderabad,,not_contacted,"Hyderabadis a city ranked 4th based on the population in India. The city is famous for various things the city is also famously known for its ITCompanies, popular colleges, and innovations.",geeksforgeeks.org,info@geeksforgeeks.org | contact@geeksforgeeks.org | hello@geeksforgeeks.org | enquiry@geeksforgeeks.org | enquiries@geeksforgeeks.org | sales@geeksforgeeks.org | support@geeksforgeeks.org | admin@geeksforgeeks.org | business@geeksforgeeks.org | team@geeksforgeeks.org | office@geeksforgeeks.org | mail@geeksforgeeks.org | connect@geeksforgeeks.org | hi@geeksforgeeks.org | top@geeksforgeeks.org | topitcompanies@geeksforgeeks.org | tici@geeksforgeeks.org,https://www.linkedin.com/search/results/companies/?keywords=Top+10+IT+Companies+in+Hyderabad+%28Updated+2024%29+-+GeeksforGeeks+Hyderabad,DuckDuckGo
Top IT Companies in Hyderabad 2026,https://www.guvi.in/blog/top-it-companies-in-hyderabad/,,"Discover the top ITcompaniesinHyderabad2026 driving innovation with AI, cloud, and data so",Hyderabad,,not_contacted,"Discover the top ITcompaniesinHyderabad2026 driving innovation with AI, cloud, and data solutions. Explore career opportunities and services in the city.",guvi.in,info@guvi.in | contact@guvi.in | hello@guvi.in | enquiry@guvi.in | enquiries@guvi.in | sales@guvi.in | support@guvi.in | admin@guvi.in | business@guvi.in | team@guvi.in | office@guvi.in | mail@guvi.in | connect@guvi.in | hi@guvi.in | top@guvi.in | topitcompanies@guvi.in | tici@guvi.in,https://www.linkedin.com/search/results/companies/?keywords=Top+IT+Companies+in+Hyderabad+2026+Hyderabad,DuckDuckGo
Best IT Services Companies in Hyderabad - GoodFirms,https://www.goodfirms.co/it-services/hyderabad,,Seeking for best IT ServicesCompaniesinHyderabad? Here are listed the top IT ServicesCompaniesinHyd,Hyderabad,,not_contacted,Seeking for best IT ServicesCompaniesinHyderabad? Here are listed the top IT ServicesCompaniesinHyderabad. Pick the best IT service providers for your business needs.,goodfirms.co,info@goodfirms.co | contact@goodfirms.co | hello@goodfirms.co | enquiry@goodfirms.co | enquiries@goodfirms.co | sales@goodfirms.co | support@goodfirms.co | admin@goodfirms.co | business@goodfirms.co | team@goodfirms.co | office@goodfirms.co | mail@goodfirms.co | connect@goodfirms.co | hi@goodfirms.co | best@goodfirms.co | bestitcompanies@goodfirms.co | bici@goodfirms.co,https://www.linkedin.com/search/results/companies/?keywords=Best+IT+Services+Companies+in+Hyderabad+-+GoodFirms+Hyderabad,DuckDuckGo
Top 10 IT Services Companies in Hyderabad - Mar 2026 | Ranking ...,https://superbcompanies.com/categories/it-services-companies-in-hyderabad/,,Discover the best IT ServicesCompaniesinHyderabadwith top ratings and user reviews. Find trusted pro,Hyderabad,,not_contacted,Discover the best IT ServicesCompaniesinHyderabadwith top ratings and user reviews. Find trusted providers tailored to your business and make informed decisions.,superbcompanies.com,info@superbcompanies.com | contact@superbcompanies.com | hello@superbcompanies.com | enquiry@superbcompanies.com | enquiries@superbcompanies.com | sales@superbcompanies.com | support@superbcompanies.com | admin@superbcompanies.com | business@superbcompanies.com | team@superbcompanies.com | office@superbcompanies.com | mail@superbcompanies.com | connect@superbcompanies.com | hi@superbcompanies.com | top@superbcompanies.com | topitcompanies@superbcompanies.com | tici@superbcompanies.com,https://www.linkedin.com/search/results/companies/?keywords=Top+10+IT+Services+Companies+in+Hyderabad+-+Mar+2026+%7C+Ranking+...+Hyderabad,DuckDuckGo
Top Information Technology Companies in Hyderabad,"https://www.glassdoor.co.in/Explore/top-information-technology-companies-hyderabad_IS.4,26_ISEC10013_IL.37,46_IM1076.htm",,"he top Information TechnologycompaniesinHyderabad. Salaries, reviews, and more - all posted by emplo",Hyderabad,,not_contacted,"Browse the top Information TechnologycompaniesinHyderabad. Salaries, reviews, and more - all posted by employees working at the top Information TechnologycompaniesinHyderabad. Apply to jobs near you.",glassdoor.co.in,info@glassdoor.co.in | contact@glassdoor.co.in | hello@glassdoor.co.in | enquiry@glassdoor.co.in | enquiries@glassdoor.co.in | sales@glassdoor.co.in | support@glassdoor.co.in | admin@glassdoor.co.in | business@glassdoor.co.in | team@glassdoor.co.in | office@glassdoor.co.in | mail@glassdoor.co.in | connect@glassdoor.co.in | hi@glassdoor.co.in | top@glassdoor.co.in | topinformationtechnology@glassdoor.co.in | titc@glassdoor.co.in,https://www.linkedin.com/search/results/companies/?keywords=Top+Information+Technology+Companies+in+Hyderabad+Hyderabad,DuckDuckGo
Top 25 Software Companies in Hyderabad [Updated list on 2026],https://findmesoftware.in/blog/software-companies-in-hyderabad/,,"elve into the top 20 softwarecompaniesinHyderabadin 2026, exploring their unique strengths and poten",Hyderabad,,not_contacted,"Let's delve into the top 20 softwarecompaniesinHyderabadin 2026, exploring their unique strengths and potential pathways for your career journey.",findmesoftware.in,info@findmesoftware.in | contact@findmesoftware.in | hello@findmesoftware.in | enquiry@findmesoftware.in | enquiries@findmesoftware.in | sales@findmesoftware.in | support@findmesoftware.in | admin@findmesoftware.in | business@findmesoftware.in | team@findmesoftware.in | office@findmesoftware.in | mail@findmesoftware.in | connect@findmesoftware.in | hi@findmesoftware.in | top@findmesoftware.in | topsoftwarecompanies@findmesoftware.in | tsci@findmesoftware.in,https://www.linkedin.com/search/results/companies/?keywords=Top+25+Software+Companies+in+Hyderabad+%5BUpdated+list+on+2026%5D+Hyderabad,DuckDuckGo
